<xml>
 <dir>
  <title>Thomas and Friends Movies</title>
  <tmdb>list/62317</tmdb>
</dir>

<dir>
  <title>Lego Movies</title>
  <tmdb>list/62382</tmdb>
</dir>

<dir>
  <title>Dragon Ball Z movies</title>
  <tmdb>list/62384</tmdb>
</dir>

 <dir>
      <title>Marvel Collection</title>
      <tmdb>list/1</tmdb>
 </dir>
	
  <dir>
      <title>DC Collection</title>
      <tmdb>list/64421</tmdb>
  </dir>

  <dir>
    <title>[COLORwhite]Disney Movies By Year[/COLOR]</title>
    <link>http://magneticepn.xyz/the%20PlayGround/movie-years.xml</link>
  </dir>

  <dir>
    <title>[COLORwhite]Pixar's Movie Collection[/COLOR] </title>
    <link>http://magneticepn.xyz/the%20PlayGround/pixar%27s%20Movies.xml</link>
	<tmdb>list/62457</tmdb>
  </dir>
  
    <dir>
    <title>[COLORwhite]DreamWorks Movie Collection[/COLOR] </title>
    <link>http://magneticepn.xyz/ThePlayground/main.xml</link>
	<tmdb>list/62472</tmdb>
  </dir>
  
      <dir>
    <title>[COLORwhite]Nickelodeon Movies[/COLOR] </title>
    <link>http://magneticepn.xyz/ThePlayground/main.xml</link>
	<tmdb>list/62474</tmdb>
  </dir>
  
        <dir>
    <title>[COLORwhite]Universal Pictures/ Illumination Entertainment[/COLOR] </title>
    <link>http://magneticepn.xyz/ThePlayground/main.xml</link>
	<tmdb>list/62478</tmdb>
  </dir>
  
     <dir>
    <title>[COLORwhite]Anime Classics[/COLOR] </title>
    <link>http://magneticepn.xyz/ThePlayground/main.xml</link>
	<tmdb>list/62756</tmdb>
  </dir>

     <dir>
    <title>[COLORwhite]DC-Animated Movies[/COLOR] </title>
    <link>http://magneticepn.xyz/ThePlayground/main.xml</link>
	<tmdb>list/62764</tmdb>
  </dir>

     <dir>
    <title>[COLORwhite]Marvel-Animated Movies[/COLOR] </title>
    <link>http://magneticepn.xyz/ThePlayground/main.xml</link>
	<tmdb>list/62905</tmdb>
  </dir>

    <dir>
    <title>Search Trakt</title>
    <trakt>search</trakt>
  </dir>

  <dir>
    <title>Search TMDB</title>
    <tmdb>search</tmdb>
  </dir>

  

  <plugin>
    <name>Testings</name>
    <link>plugin://plugin.video.jenplugin/?action=developer</link>
    <thumbnail></thumbnail>
    <summary>Testings</summary>
  </plugin>
</xml>
