<?xml version="1.0" encoding="UTF-8" standalone="yes"?>
<addon id="plugin.video.koditv"
       name="[COLOR lime]Kodi-[COLOR red]Tv[/COLOR]"
       version="3.0"
       provider-name="koditv">
  <requires>
    <import addon="xbmc.python" version="2.1.0"/>
    <import addon="script.module.beautifulsoup" version="3.2.1"/>
    <import addon="script.module.simple.downloader" version="0.9.4"/>
    <import addon="script.module.beautifulsoup4" />
    <import addon="script.module.requests" />
    <import addon="script.module.httplib2" />
    <import addon="script.module.liveresolver" version="0.1.24" optional="true"/>
    <import addon="script.module.youtube.dl" optional="true"/>
    <import addon="plugin.video.youtube" optional="true" />
    <import addon="script.module.urlresolver" optional="true"/>
    <import addon="script.module.simplejson" />    
     <import addon="script.module.livestreamer" optional="true"/>
     <import addon="script.module.pyamf" optional="true"/>
  </requires>
  <extension point="xbmc.python.pluginsource" library="default.py">
    <provides>video</provides>
  </extension>
  
 <extension point="xbmc.addon.repository" name="koditv">
        <info>https://raw.githubusercontent.com/Leia18/repo.addons.leia/master/repositorio/addons.xml</info>
        <checksum>https://raw.githubusercontent.com/Leia18/repo.addons.leia/master/repositorio/addons.xml.md5</checksum>
        <datadir zip="true">https://raw.githubusercontent.com/Leia18/repo.addons.leia/master/Repositorio/</datadir>
    </extension>
	
  <extension point="xbmc.addon.metadata">
    <summary>Creado por equipo-koditv</summary>
    <description>koditv  es un proyecto sin ánimo de lucro, no se aceptan donativos.
Este complemento no aloja ningún contenido en servidores propios, todos los links que comparte pueden encontrarse libremente en la red.
No nos hacemos responsables de la  distribución del mismo por parte de terceros.</description>
    <platform>all</platform>
  </extension>
</addon>