<?xml version="1.0" encoding="UTF-8" standalone="yes"?>
<addon id="plugin.video.freestudios" name="[B][COLOR red]FREEWORLD[/COLOR] [COLOR white]STUDIOS[/COLOR][/B]" version="4.0.5" provider-name="Freeworld">
	<requires>
		<import addon="xbmc.python" version="2.1.0" />
		<import addon="plugin.video.youtube" version="5.2.1" optional="true" />
		<import addon="script.module.pyxbmct" />
		<import addon="script.module.urlresolver" version="4.0.05" />
		<import addon="script.module.liveresolver" version="0.1.49" />
		<import addon="script.video.F4mProxy"/>
	</requires>
	<extension point="xbmc.python.pluginsource" library="freestudios.py">
		<provides>video</provides>
	</extension>
	<extension point="xbmc.addon.metadata">
		<summary lang="en"></summary>
    <description lang="en"></description>
	<disclaimer lang="en">Hola, FREEWORLDSTUDIOS no se responsabiliza por el contenido o la confiabilidad de los feeds. LEGIONTV No aloja ninguno de los feeds o Streams. La mayor parte del código de este complemento se tomó de muchos otros complementos, pero se utiliza bajo la GNU GENERAL PUBLIC LICENCE Version 2, junio de 1991. Recuerde que este es un complemento gratuito de terceros, ¡así que si algo no funciona! ¡Es gratis! Hice este complemento como hobby. No como un servicio para nadie, no cobro por ello y no debería ser tratado como tal. Si observa alguna forma de infracción, póngase en contacto de inmediato con los propietarios de los archivos multimedia o los sitios host. LEGIONTV no es una parte oficial del reproductor multimedia que está ejecutando, y por lo tanto no debe ser mencionado dentro de los canales de soporte oficiales, este complemento no tiene nada que ver con el reproductor multimedia ni con el uso previsto, es simplemente un complemento de terceros. que se ha agregado a su sistema o que ha instalado libremente.</disclaimer>
		<platform>all</platform>
		<forum>-</forum>
		<website>-</website>
		<assets>
			<icon>icon.png</icon>
			<fanart>fanart.jpg</fanart>
			<screenshot>resources/screenshots/screen1.jpg</screenshot>
		</assets>
		<news></news>
	</extension>
</addon>


