<?xml version="1.0" encoding="UTF-8" standalone="yes"?>
<addon id="repository.addons.leia" name="[COLOR fuchsia]addons [COLOR lime]fuente [COLOR orange]leia[/COLOR] Repo" version="1.0.0" provider-name="equipo leia">
    <extension point="xbmc.addon.repository" name="addons fuente leia ">
        <info>https://raw.githubusercontent.com/Leia18/repo.addons.leia/master/repositorio/addons.xml</info>
        <checksum>https://raw.githubusercontent.com/Leia18/repo.addons.leia/master/repositorio/addons.xml.md5</checksum>
        <datadir zip="true">https://raw.githubusercontent.com//Leia18/repo.addons.leia/tree/master/repositorio</datadir>
    </extension>
    <extension point="xbmc.addon.metadata">
        <summary>equipo leia</summary>
        <description>repositorio  con todos los adons de la fuente leia</description>
        <disclaimer></disclaimer>
        <platform>all</platform>
    </extension>
</addon>
